{
    "MetroNorth": {
        "line": [
                 {
                 "name": "Hudson",
                 "id": "1_1"
                 },
                 {
                 "name": "Harlem",
                 "id": "1_2"
                 },
                 {
                 "name": "Wassaic",
                 "id": "Wassaic"
                 },
                 {
                 "name": "New Haven",
                 "id": "1_3"
                 },
                 {
                 "name": "New Canaan",
                 "id": "1_4"
                 },
                 {
                 "name": "Danbury",
                 "id": "1_5"
                 },
                 {
                 "name": "Waterbury",
                 "id": "1_6"
                 },
                 {
                 "name": "Pascack Valley",
                 "id": "Pascack Valley"
                 },
                 {
                 "name": "Port Jervis",
                 "id": "Port Jervis"
                 }
                 ]
    }
}
