{
    "MetroNorth": {
        "line": [
                 {
                 "name": "Hudson",
                 "id": "1"
                 },
                 {
                 "name": "Harlem",
                 "id": "2"
                 },
                 {
                 "name": "Wassaic",
                 "id": ""
                 },
                 {
                 "name": "New Haven",
                 "id": "3"
                 },
                 {
                 "name": "New Canaan",
                 "id": "4"
                 },
                 {
                 "name": "Danbury",
                 "id": "5"
                 },
                 {
                 "name": "Waterbury",
                 "id": "6"
                 },
                 {
                 "name": "Pascack Valley",
                 "id": "8"
                 },
                 {
                 "name": "Port Jervis",
                 "id": "7"
                 }
                 ]
    }
}
