{
    "manahatan_bus": [
                      {
                      "route_id": "Select route"
                      },
                      {
                      "route_id": "B39"
                      },
                      {
                      "route_id": "BX3"
                      },
                      {
                      "route_id": "BX6"
                      },
                      {
                      "route_id": "BX6+"
                      },
                      {
                      "route_id": "BX7"
                      },
                      {
                      "route_id": "BX11"
                      },
                      {
                      "route_id": "BX12"
                      },
                      {
                      "route_id": "BX12+"
                      },
                      {
                      "route_id": "BX13"
                      },
                      {
                      "route_id": "BX15"
                      },
                      {
                      "route_id": "Bx15-LTD"
                      },
                      {
                      "route_id": "BX19"
                      },
                      {
                      "route_id": "BX20"
                      },
                      {
                      "route_id": "BX33"
                      },
                      {
                      "route_id": "BX35"
                      },
                      {
                      "route_id": "BX36"
                      },
                      {
                      "route_id": "BX36-LTD"
                      },
                      {
                      "route_id": "M1"
                      },
                      {
                      "route_id": "M1-LTD"
                      },
                      {
                      "route_id": "M2"
                      },
                      {
                      "route_id": "M2-LTD"
                      },
                      {
                      "route_id": "M3"
                      },
                      {
                      "route_id": "M4"
                      },
                      {
                      "route_id": "M4-LTD"
                      },
                      {
                      "route_id": "M5"
                      },
                      {
                      "route_id": "M5-LTD"
                      },
                      {
                      "route_id": "M7"
                      },
                      {
                      "route_id": "M8"
                      },
                      {
                      "route_id": "M9"
                      },
                      {
                      "route_id": "M10"
                      },
                      {
                      "route_id": "M11"
                      },
                      {
                      "route_id": "M12"
                      },
                      {
                      "route_id": "M14A"
                      },
                      {
                      "route_id": "M14D"
                      },
                      {
                      "route_id": "M15"
                      },
                      {
                      "route_id": "M15+"
                      },
                      {
                      "route_id": "M20"
                      },
                      {
                      "route_id": "M21"
                      },
                      {
                      "route_id": "M22"
                      },
                      {
                      "route_id": "M23"
                      },
                      {
                      "route_id": "M23+"
                      },
                      {
                      "route_id": "M31"
                      },
                      {
                      "route_id": "M34+"
                      },
                      {
                      "route_id": "M34A+"
                      },
                      {
                      "route_id": "M35"
                      },
                      {
                      "route_id": "M42"
                      },
                      {
                      "route_id": "M50"
                      },
                      {
                      "route_id": "M55"
                      },
                      {
                      "route_id": "M57"
                      },
                      {
                      "route_id": "M60+"
                      },
                      {
                      "route_id": "M66"
                      },
                      {
                      "route_id": "M72"
                      },
                      {
                      "route_id": "M79+"
                      },
                      {
                      "route_id": "M86+"
                      },
                      {
                      "route_id": "M96"
                      },
                      {
                      "route_id": "M98-LTD"
                      },
                      {
                      "route_id": "M100"
                      },
                      {
                      "route_id": "M101"
                      },
                      {
                      "route_id": "M101-LTD"
                      },
                      {
                      "route_id": "M102"
                      },
                      {
                      "route_id": "M103"
                      },
                      {
                      "route_id": "M104"
                      },
                      {
                      "route_id": "M106"
                      },
                      {
                      "route_id": "M116"
                      },
                      {
                      "route_id": "Q32"
                      },
                      {
                      "route_id": "Q60"
                      },
                      {
                      "route_id": "Q101"
                      },
                      {
                      "route_id": "Q102"
                      }
                      ],
    "brooklyn_bus_routes": [
                            {
                            "route_id": "Select route"
                            },
                            {
                            "route_id": "B1"
                            },
                            {
                            "route_id": "B2"
                            },
                            {
                            "route_id": "B3"
                            },
                            {
                            "route_id": "B4"
                            },
                            {
                            "route_id": "B6"
                            },
                            {
                            "route_id": "B6-LTD"
                            },
                            {
                            "route_id": "B7"
                            },
                            {
                            "route_id": "B8"
                            },
                            {
                            "route_id": "B9"
                            },
                            {
                            "route_id": "B11"
                            },
                            {
                            "route_id": "B12"
                            },
                            {
                            "route_id": "B13"
                            },
                            {
                            "route_id": "B14"
                            },
                            {
                            "route_id": "B15"
                            },
                            {
                            "route_id": "B16"
                            },
                            {
                            "route_id": "B17"
                            },
                            {
                            "route_id": "B20"
                            },
                            {
                            "route_id": "B24"
                            },
                            {
                            "route_id": "B25"
                            },
                            {
                            "route_id": "B26"
                            },
                            {
                            "route_id": "B31"
                            },
                            {
                            "route_id": "B32"
                            },
                            {
                            "route_id": "B35"
                            },
                            {
                            "route_id": "B35-LTD"
                            },
                            {
                            "route_id": "B36"
                            },
                            {
                            "route_id": "B37"
                            },
                            {
                            "route_id": "B38"
                            },
                            {
                            "route_id": "B38-LTD"
                            },
                            {
                            "route_id": "B39"
                            },
                            {
                            "route_id": "B41"
                            },
                            {
                            "route_id": "B41-LTD"
                            },
                            {
                            "route_id": "B42"
                            },
                            {
                            "route_id": "B43"
                            },
                            {
                            "route_id": "B44"
                            },
                            {
                            "route_id": "B44+"
                            },
                            {
                            "route_id": "B45"
                            },
                            {
                            "route_id": "B46"
                            },
                            {
                            "route_id": "B46+"
                            },
                            {
                            "route_id": "B47"
                            },
                            {
                            "route_id": "B48"
                            },
                            {
                            "route_id": "B49"
                            },
                            {
                            "route_id": "B49-LTD"
                            },
                            {
                            "route_id": "B52"
                            },
                            {
                            "route_id": "B54"
                            },
                            {
                            "route_id": "B57"
                            },
                            {
                            "route_id": "B60"
                            },
                            {
                            "route_id": "B61"
                            },
                            {
                            "route_id": "B62"
                            },
                            {
                            "route_id": "B63"
                            },
                            {
                            "route_id": "B64"
                            },
                            {
                            "route_id": "B65"
                            },
                            {
                            "route_id": "B67"
                            },
                            {
                            "route_id": "B68"
                            },
                            {
                            "route_id": "B69"
                            },
                            {
                            "route_id": "B70"
                            },
                            {
                            "route_id": "B74"
                            },
                            {
                            "route_id": "B82"
                            },
                            {
                            "route_id": "B82-LTD"
                            },
                            {
                            "route_id": "B83"
                            },
                            {
                            "route_id": "B84"
                            },
                            {
                            "route_id": "B100"
                            },
                            {
                            "route_id": "B103-LTD"
                            },
                            {
                            "route_id": "Q7"
                            },
                            {
                            "route_id": "Q8"
                            },
                            {
                            "route_id": "Q24"
                            },
                            {
                            "route_id": "Q35"
                            },
                            {
                            "route_id": "Q54"
                            },
                            {
                            "route_id": "Q55"
                            },
                            {
                            "route_id": "Q56"
                            },
                            {
                            "route_id": "Q58"
                            },
                            {
                            "route_id": "Q58-LTD"
                            },
                            {
                            "route_id": "Q59"
                            },
                            {
                            "route_id": "S53"
                            },
                            {
                            "route_id": "S79+"
                            },
                            {
                            "route_id": "S93-LTD"
                            }
                            ],
    "bronx_bus_routes": [
                         {
                         "route_id": "Select route"
                         },
                         {
                         "route_id": "BX1"
                         },
                         {
                         "route_id": "BX1-LTD"
                         },
                         {
                         "route_id": "BX2"
                         },
                         {
                         "route_id": "BX3"
                         },
                         {
                         "route_id": "BX4"
                         },
                         {
                         "route_id": "BX4A"
                         },
                         {
                         "route_id": "BX5"
                         },
                         {
                         "route_id": "BX6"
                         },
                         {
                         "route_id": "BX6+"
                         },
                         {
                         "route_id": "BX7"
                         },
                         {
                         "route_id": "BX8"
                         },
                         {
                         "route_id": "BX9"
                         },
                         {
                         "route_id": "BX10"
                         },
                         {
                         "route_id": "BX11"
                         },
                         {
                         "route_id": "BX12"
                         },
                         {
                         "route_id": "BX12+"
                         },
                         {
                         "route_id": "BX13"
                         },
                         {
                         "route_id": "BX15"
                         },
                         {
                         "route_id": "Bx15-LTD"
                         },
                         {
                         "route_id": "BX16"
                         },
                         {
                         "route_id": "BX17"
                         },
                         {
                         "route_id": "BX18"
                         },
                         {
                         "route_id": "BX19"
                         },
                         {
                         "route_id": "BX20"
                         },
                         {
                         "route_id": "BX21"
                         },
                         {
                         "route_id": "BX22"
                         },
                         {
                         "route_id": "BX23"
                         },
                         {
                         "route_id": "BX24"
                         },
                         {
                         "route_id": "BX26"
                         },
                         {
                         "route_id": "BX27"
                         },
                         {
                         "route_id": "BX28"
                         },
                         {
                         "route_id": "BX29"
                         },
                         {
                         "route_id": "BX30"
                         },
                         {
                         "route_id": "BX31"
                         },
                         {
                         "route_id": "BX32"
                         },
                         {
                         "route_id": "BX33"
                         },
                         {
                         "route_id": "BX34"
                         },
                         {
                         "route_id": "BX35"
                         },
                         {
                         "route_id": "BX36"
                         },
                         {
                         "route_id": "BX36-LTD"
                         },
                         {
                         "route_id": "BX38"
                         },
                         {
                         "route_id": "BX39"
                         },
                         {
                         "route_id": "BX40"
                         },
                         {
                         "route_id": "BX41"
                         },
                         {
                         "route_id": "BX41+"
                         },
                         {
                         "route_id": "BX42"
                         },
                         {
                         "route_id": "BX46"
                         },
                         {
                         "route_id": "Q44+"
                         },
                         {
                         "route_id": "Q50-LTD"
                         },
                         {
                         "route_id": "Q100-LTD"
                         }
                         ],
    "queens_bus_routes": [
                          {
                          "route_id": "Select route"
                          },
                          {
                          "route_id": "B13"
                          },
                          {
                          "route_id": "B15"
                          },
                          {
                          "route_id": "B20"
                          },
                          {
                          "route_id": "B24"
                          },
                          {
                          "route_id": "B26"
                          },
                          {
                          "route_id": "B32"
                          },
                          {
                          "route_id": "B38"
                          },
                          {
                          "route_id": "B38-LTD"
                          },
                          {
                          "route_id": "B54"
                          },
                          {
                          "route_id": "B57"
                          },
                          {
                          "route_id": "B62"
                          },
                          {
                          "route_id": "M60+"
                          },
                          {
                          "route_id": "N1"
                          },
                          {
                          "route_id": "N4"
                          },
                          {
                          "route_id": "N6"
                          },
                          {
                          "route_id": "N20"
                          },
                          {
                          "route_id": "N22"
                          },
                          {
                          "route_id": "N24"
                          },
                          {
                          "route_id": "N26"
                          },
                          {
                          "route_id": "N31"
                          },
                          {
                          "route_id": "N32"
                          },
                          {
                          "route_id": "N33"
                          },
                          {
                          "route_id": "N48"
                          },
                          {
                          "route_id": "Q1"
                          },
                          {
                          "route_id": "Q2"
                          },
                          {
                          "route_id": "Q3"
                          },
                          {
                          "route_id": "Q4"
                          },
                          {
                          "route_id": "Q4-LTD"
                          },
                          {
                          "route_id": "Q5"
                          },
                          {
                          "route_id": "Q5-LTD"
                          },
                          {
                          "route_id": "Q6"
                          },
                          {
                          "route_id": "Q6-LTD"
                          },
                          {
                          "route_id": "Q7"
                          },
                          {
                          "route_id": "Q8"
                          },
                          {
                          "route_id": "Q9"
                          },
                          {
                          "route_id": "Q10"
                          },
                          {
                          "route_id": "Q10-LTD"
                          },
                          {
                          "route_id": "Q11"
                          },
                          {
                          "route_id": "Q12"
                          },
                          {
                          "route_id": "Q13"
                          },
                          {
                          "route_id": "Q15"
                          },
                          {
                          "route_id": "Q15A"
                          },
                          {
                          "route_id": "Q16"
                          },
                          {
                          "route_id": "Q17"
                          },
                          {
                          "route_id": "Q17-LTD"
                          },
                          {
                          "route_id": "Q18"
                          },
                          {
                          "route_id": "Q19"
                          },
                          {
                          "route_id": "Q20A"
                          },
                          {
                          "route_id": "Q20B"
                          },
                          {
                          "route_id": "Q21"
                          },
                          {
                          "route_id": "Q22"
                          },
                          {
                          "route_id": "Q23"
                          },
                          {
                          "route_id": "Q24"
                          },
                          {
                          "route_id": "Q25"
                          },
                          {
                          "route_id": "Q25-LTD"
                          },
                          {
                          "route_id": "Q26"
                          },
                          {
                          "route_id": "Q27"
                          },
                          {
                          "route_id": "Q27-LTD"
                          },
                          {
                          "route_id": "Q28"
                          },
                          {
                          "route_id": "Q29"
                          },
                          {
                          "route_id": "Q30"
                          },
                          {
                          "route_id": "Q31"
                          },
                          {
                          "route_id": "Q32"
                          },
                          {
                          "route_id": "Q33"
                          },
                          {
                          "route_id": "Q34"
                          },
                          {
                          "route_id": "Q35"
                          },
                          {
                          "route_id": "Q36"
                          },
                          {
                          "route_id": "Q36-LTD"
                          },
                          {
                          "route_id": "Q37"
                          },
                          {
                          "route_id": "Q38"
                          },
                          {
                          "route_id": "Q39"
                          },
                          {
                          "route_id": "Q40"
                          },
                          {
                          "route_id": "Q41"
                          },
                          {
                          "route_id": "Q42"
                          },
                          {
                          "route_id": "Q43"
                          },
                          {
                          "route_id": "Q43-LTD"
                          },
                          {
                          "route_id": "Q44+"
                          },
                          {
                          "route_id": "Q46"
                          },
                          {
                          "route_id": "Q46-LTD"
                          },
                          {
                          "route_id": "Q47"
                          },
                          {
                          "route_id": "Q48"
                          },
                          {
                          "route_id": "Q49"
                          },
                          {
                          "route_id": "Q50-LTD"
                          },
                          {
                          "route_id": "Q52+"
                          },
                          {
                          "route_id": "Q53+"
                          },
                          {
                          "route_id": "Q54"
                          },
                          {
                          "route_id": "Q55"
                          },
                          {
                          "route_id": "Q56"
                          },
                          {
                          "route_id": "Q58"
                          },
                          {
                          "route_id": "Q58-LTD"
                          },
                          {
                          "route_id": "Q59"
                          },
                          {
                          "route_id": "Q60"
                          },
                          {
                          "route_id": "Q64"
                          },
                          {
                          "route_id": "Q65"
                          },
                          {
                          "route_id": "Q65-LTD"
                          },
                          {
                          "route_id": "Q66"
                          },
                          {
                          "route_id": "Q67"
                          },
                          {
                          "route_id": "Q69"
                          },
                          {
                          "route_id": "Q70+"
                          },
                          {
                          "route_id": "Q72"
                          },
                          {
                          "route_id": "Q76"
                          },
                          {
                          "route_id": "Q77"
                          },
                          {
                          "route_id": "Q83"
                          },
                          {
                          "route_id": "Q83-LTD"
                          },
                          {
                          "route_id": "Q84"
                          },
                          {
                          "route_id": "Q85"
                          },
                          {
                          "route_id": "Q85-LTD"
                          },
                          {
                          "route_id": "Q88"
                          },
                          {
                          "route_id": "Q100-LTD"
                          },
                          {
                          "route_id": "Q101"
                          },
                          {
                          "route_id": "Q102"
                          },
                          {
                          "route_id": "Q103"
                          },
                          {
                          "route_id": "Q104"
                          },
                          {
                          "route_id": "Q110"
                          },
                          {
                          "route_id": "Q111"
                          },
                          {
                          "route_id": "Q112"
                          },
                          {
                          "route_id": "Q113-LTD"
                          },
                          {
                          "route_id": "Q114"
                          },
                          {
                          "route_id": "Q114-LTD"
                          }
                          ],
    "si_bus_routes": [
                      {
                      "route_id": "Select route"
                      },
                      {
                      "route_id": "S40"
                      },
                      {
                      "route_id": "S42"
                      },
                      {
                      "route_id": "S44"
                      },
                      {
                      "route_id": "S46"
                      },
                      {
                      "route_id": "S48"
                      },
                      {
                      "route_id": "S51"
                      },
                      {
                      "route_id": "S52"
                      },
                      {
                      "route_id": "S53"
                      },
                      {
                      "route_id": "S54"
                      },
                      {
                      "route_id": "S55"
                      },
                      {
                      "route_id": "S56"
                      },
                      {
                      "route_id": "S57"
                      },
                      {
                      "route_id": "S59"
                      },
                      {
                      "route_id": "S61"
                      },
                      {
                      "route_id": "S62"
                      },
                      {
                      "route_id": "S66"
                      },
                      {
                      "route_id": "S74"
                      },
                      {
                      "route_id": "S76"
                      },
                      {
                      "route_id": "S78"
                      },
                      {
                      "route_id": "S79+"
                      },
                      {
                      "route_id": "S81-LTD"
                      },
                      {
                      "route_id": "S84-LTD"
                      },
                      {
                      "route_id": "S86-LTD"
                      },
                      {
                      "route_id": "S89-LTD"
                      },
                      {
                      "route_id": "S90-LTD"
                      },
                      {
                      "route_id": "S91-LTD"
                      },
                      {
                      "route_id": "S92-LTD"
                      },
                      {
                      "route_id": "S93-LTD"
                      },
                      {
                      "route_id": "S94-LTD"
                      },
                      {
                      "route_id": "S96-LTD"
                      },
                      {
                      "route_id": "S98-LTD"
                      }
                      ],
    "li_bus_routes": [
                      {
                      "route_id": "Select route"
                      },
                      {
                      "route_id": "ELFX"
                      },
                      {
                      "route_id": "MMCS"
                      },
                      {
                      "route_id": "N1"
                      },
                      {
                      "route_id": "N4"
                      },
                      {
                      "route_id": "N6"
                      },
                      {
                      "route_id": "N15"
                      },
                      {
                      "route_id": "N16"
                      },
                      {
                      "route_id": "N19"
                      },
                      {
                      "route_id": "N20"
                      },
                      {
                      "route_id": "N21"
                      },
                      {
                      "route_id": "N22"
                      },
                      {
                      "route_id": "N23"
                      },
                      {
                      "route_id": "N24"
                      },
                      {
                      "route_id": "N25"
                      },
                      {
                      "route_id": "N26"
                      },
                      {
                      "route_id": "N27"
                      },
                      {
                      "route_id": "N32"
                      },
                      {
                      "route_id": "N31"
                      },
                      {
                      "route_id": "N33"
                      },
                      {
                      "route_id": "N35"
                      },
                      {
                      "route_id": "N40"
                      },
                      {
                      "route_id": "N43"
                      },
                      {
                      "route_id": "N48"
                      },
                      {
                      "route_id": "N49"
                      },
                      {
                      "route_id": "N54"
                      },
                      {
                      "route_id": "N57"
                      },
                      {
                      "route_id": "N58"
                      },
                      {
                      "route_id": "N72"
                      },
                      {
                      "route_id": "N79"
                      },
                      {
                      "route_id": "N80"
                      },
                      {
                      "route_id": "N88"
                      },
                      {
                      "route_id": "Q111"
                      },
                      {
                      "route_id": "Q113-LTD"
                      },
                      {
                      "route_id": "Q114-LTD"
                      },
                      {
                      "route_id": "QM6"
                      }
                      ],
    "man_xbus_routes": [
                        {
                        "route_id": "Select route"
                        },
                        {
                        "route_id": "BM1"
                        },
                        {
                        "route_id": "BM2"
                        },
                        {
                        "route_id": "BM3"
                        },
                        {
                        "route_id": "BM4"
                        },
                        {
                        "route_id": "BM5"
                        },
                        {
                        "route_id": "BXM1"
                        },
                        {
                        "route_id": "BXM2"
                        },
                        {
                        "route_id": "BXM3"
                        },
                        {
                        "route_id": "BXM4"
                        },
                        {
                        "route_id": "BXM6"
                        },
                        {
                        "route_id": "BXM7"
                        },
                        {
                        "route_id": "BXM8"
                        },
                        {
                        "route_id": "BXM9"
                        },
                        {
                        "route_id": "BXM10"
                        },
                        {
                        "route_id": "BXM11"
                        },
                        {
                        "route_id": "BXM18"
                        },
                        {
                        "route_id": "QM1"
                        },
                        {
                        "route_id": "QM2"
                        },
                        {
                        "route_id": "QM3"
                        },
                        {
                        "route_id": "QM4"
                        },
                        {
                        "route_id": "QM5"
                        },
                        {
                        "route_id": "QM6"
                        },
                        {
                        "route_id": "QM7"
                        },
                        {
                        "route_id": "QM8"
                        },
                        {
                        "route_id": "QM10"
                        },
                        {
                        "route_id": "QM11"
                        },
                        {
                        "route_id": "QM12"
                        },
                        {
                        "route_id": "QM15"
                        },
                        {
                        "route_id": "QM16"
                        },
                        {
                        "route_id": "QM17"
                        },
                        {
                        "route_id": "QM18"
                        },
                        {
                        "route_id": "QM20"
                        },
                        {
                        "route_id": "QM21"
                        },
                        {
                        "route_id": "QM24"
                        },
                        {
                        "route_id": "QM25"
                        },
                        {
                        "route_id": "QM31"
                        },
                        {
                        "route_id": "QM32"
                        },
                        {
                        "route_id": "QM34"
                        },
                        {
                        "route_id": "QM35"
                        },
                        {
                        "route_id": "QM36"
                        },
                        {
                        "route_id": "QM40"
                        },
                        {
                        "route_id": "QM42"
                        },
                        {
                        "route_id": "QM44"
                        },
                        {
                        "route_id": "X1"
                        },
                        {
                        "route_id": "X2"
                        },
                        {
                        "route_id": "X3"
                        },
                        {
                        "route_id": "X4"
                        },
                        {
                        "route_id": "X5"
                        },
                        {
                        "route_id": "X7"
                        },
                        {
                        "route_id": "X8"
                        },
                        {
                        "route_id": "X9"
                        },
                        {
                        "route_id": "X10"
                        },
                        {
                        "route_id": "X10B"
                        },
                        {
                        "route_id": "X11"
                        },
                        {
                        "route_id": "X12"
                        },
                        {
                        "route_id": "X14"
                        },
                        {
                        "route_id": "X15"
                        },
                        {
                        "route_id": "X17A"
                        },
                        {
                        "route_id": "X17C"
                        },
                        {
                        "route_id": "X17J"
                        },
                        {
                        "route_id": "X19"
                        },
                        {
                        "route_id": "X21"
                        },
                        {
                        "route_id": "X22"
                        },
                        {
                        "route_id": "X22A"
                        },
                        {
                        "route_id": "X27"
                        },
                        {
                        "route_id": "X28"
                        },
                        {
                        "route_id": "X30"
                        },
                        {
                        "route_id": "X31"
                        },
                        {
                        "route_id": "X37"
                        },
                        {
                        "route_id": "X38"
                        },
                        {
                        "route_id": "X42"
                        },
                        {
                        "route_id": "X63"
                        },
                        {
                        "route_id": "X64"
                        },
                        {
                        "route_id": "X68"
                        }
                        ],
    "brooklyn_xbus_routes": [
                             {
                             "route_id": "Select route"
                             },
                             {
                             "route_id": "BM1"
                             },
                             {
                             "route_id": "BM2"
                             },
                             {
                             "route_id": "BM3"
                             },
                             {
                             "route_id": "BM4"
                             },
                             {
                             "route_id": "BM5"
                             },
                             {
                             "route_id": "X17C"
                             },
                             {
                             "route_id": "X27"
                             },
                             {
                             "route_id": "X28"
                             },
                             {
                             "route_id": "X37"
                             },
                             {
                             "route_id": "X38"
                             }
                             ],
    "bronx_xbus_routes": [
                          {
                          "route_id": "Select route"
                          },
                          {
                          "route_id": "BXM1"
                          },
                          {
                          "route_id": "BXM2"
                          },
                          {
                          "route_id": "BXM3"
                          },
                          {
                          "route_id": "BXM4"
                          },
                          {
                          "route_id": "BXM6"
                          },
                          {
                          "route_id": "BXM7"
                          },
                          {
                          "route_id": "BXM8"
                          },
                          {
                          "route_id": "BXM9"
                          },
                          {
                          "route_id": "BXM10"
                          },
                          {
                          "route_id": "BXM11"
                          },
                          {
                          "route_id": "BXM18"
                          }
                          ],
    "queens_xbus_routes": [
                           {
                           "route_id": "Select route"
                           },
                           {
                           "route_id": "QM1"
                           },
                           {
                           "route_id": "BM5"
                           },
                           {
                           "route_id": "QM2"
                           },
                           {
                           "route_id": "QM3"
                           },
                           {
                           "route_id": "QM4"
                           },
                           {
                           "route_id": "QM5"
                           },
                           {
                           "route_id": "QM6"
                           },
                           {
                           "route_id": "QM7"
                           },
                           {
                           "route_id": "QM8"
                           },
                           {
                           "route_id": "QM10"
                           },
                           {
                           "route_id": "QM11"
                           },
                           {
                           "route_id": "QM12"
                           },
                           {
                           "route_id": "QM15"
                           },
                           {
                           "route_id": "QM16"
                           },
                           {
                           "route_id": "QM17"
                           },
                           {
                           "route_id": "QM18"
                           },
                           {
                           "route_id": "QM20"
                           },
                           {
                           "route_id": "QM21"
                           },
                           {
                           "route_id": "QM24"
                           },
                           {
                           "route_id": "QM25"
                           },
                           {
                           "route_id": "QM31"
                           },
                           {
                           "route_id": "QM32"
                           },
                           {
                           "route_id": "QM34"
                           },
                           {
                           "route_id": "QM35"
                           },
                           {
                           "route_id": "QM36"
                           },
                           {
                           "route_id": "QM40"
                           },
                           {
                           "route_id": "QM42"
                           },
                           {
                           "route_id": "QM44"
                           },
                           {
                           "route_id": "X63"
                           },
                           {
                           "route_id": "X64"
                           },
                           {
                           "route_id": "X68"
                           }
                           ],
    "si_xbus_routes": [
                       {
                       "route_id": "Select route"
                       },
                       {
                       "route_id": "X1"
                       },
                       {
                       "route_id": "X2"
                       },
                       {
                       "route_id": "X3"
                       },
                       {
                       "route_id": "X4"
                       },
                       {
                       "route_id": "X5"
                       },
                       {
                       "route_id": "X7"
                       },
                       {
                       "route_id": "X8"
                       },
                       {
                       "route_id": "X9"
                       },
                       {
                       "route_id": "X10"
                       },
                       {
                       "route_id": "X10B"
                       },
                       {
                       "route_id": "X11"
                       },
                       {
                       "route_id": "X12"
                       },
                       {
                       "route_id": "X14"
                       },
                       {
                       "route_id": "X15"
                       },
                       {
                       "route_id": "X17A"
                       },
                       {
                       "route_id": "X17C"
                       },
                       {
                       "route_id": "X17J"
                       },
                       {
                       "route_id": "X19"
                       },
                       {
                       "route_id": "X21"
                       },
                       {
                       "route_id": "X22"
                       },
                       {
                       "route_id": "X22A"
                       },
                       {
                       "route_id": "X30"
                       },
                       {
                       "route_id": "X31"
                       },
                       {
                       "route_id": "X42"
                       }
                       ],
    "li_xbus_routes": [
                       {
                       "route_id": "Select route"
                       }
                       ],
    "subway_routes": [
                      {
                      "route_id": "0",
                      "route_name": "Select route"
                      },
                      {
                      "route_id": "1",
                      "route_name": "1"
                      },
                      {
                      "route_id": "2",
                      "route_name": "2"
                      },
                      {
                      "route_id": "3",
                      "route_name": "3"
                      },
                      {
                      "route_id": "4",
                      "route_name": "4"
                      },
                      {
                      "route_id": "5",
                      "route_name": "5"
                      },
                      {
                      "route_id": "6",
                      "route_name": "6"
                      },
                      {
                      "route_id": "7",
                      "route_name": "7"
                      },
                      {
                      "route_id": "A",
                      "route_name": "A"
                      },
                      {
                      "route_id": "B",
                      "route_name": "B"
                      },
                      {
                      "route_id": "C",
                      "route_name": "C"
                      },
                      {
                      "route_id": "D",
                      "route_name": "D"
                      },
                      {
                      "route_id": "E",
                      "route_name": "E"
                      },
                      {
                      "route_id": "F",
                      "route_name": "F"
                      },
                      {
                      "route_id": "G",
                      "route_name": "G"
                      },
                      {
                      "route_id": "J",
                      "route_name": "J"
                      },
                      {
                      "route_id": "L",
                      "route_name": "L"
                      },
                      {
                      "route_id": "M",
                      "route_name": "M"
                      },
                      {
                      "route_id": "N",
                      "route_name": "N"
                      },
                      {
                      "route_id": "Q",
                      "route_name": "Q"
                      },
                      {
                      "route_id": "R",
                      "route_name": "R"
                      },
                      {
                      "route_id": "W",
                      "route_name": "W"
                      },
                      {
                      "route_id": "GS",
                      "route_name": "Shuttle-Times Sq"
                      },
                      {
                      "route_id": "FS",
                      "route_name": "Shuttle-Franklin"
                      },
                      {
                      "route_id": "H",
                      "route_name": "Shuttle-Rockaway"
                      },
                      {
                      "route_id": "Z",
                      "route_name": "Z"
                      },
                      {
                      "route_id": "SI",
                      "route_name": "SIR"
                      },
                      {
                      "route_id": "JFK__10027,JFK__10028,JFK__10029",
                      "route_name": "AirTrain JFK"
                      },
                      {
                      "route_id": "EWR__10106",
                      "route_name": "AirTrain Newark"
                      }
                      ],
    "lirr": [
             {
             "route_id": "Select route"
             },
             {
             "route_id": "BABYLON"
             },
             {
             "route_id": "FARROCK"
             },
             {
             "route_id": "HEMPST"
             },
             {
             "route_id": "LONGBCH"
             },
             {
             "route_id": "MONTAUK"
             },
             {
             "route_id": "OYSTERB"
             },
             {
             "route_id": "PTJEFF"
             },
             {
             "route_id": "PTWASH"
             },
             {
             "route_id": "RONKO"
             },
             {
             "route_id": "WHEMPST"
             }
             ],
    "mnr": [
            {
            "route_id": "Select route"
            },
            {
            "route_id": "DANBURY"
            },
            {
            "route_id": "HARLEM"
            },
            {
            "route_id": "HUDSON"
            },
            {
            "route_id": "JMNBN"
            },
            {
            "route_id": "JPASC"
            },
            {
            "route_id": "NCANAAN"
            },
            {
            "route_id": "NHAVEN"
            },
            {
            "route_id": "WTRBURY"
            }
            ]
}
